network_name,poi_bank,poi_bar,poi_cafe,poi_cinema,poi_clothes,poi_college,poi_dentist,poi_department_store,poi_fast_food,poi_library,poi_marketplace,poi_pharmacy,poi_place_of_worship,poi_restaurant,poi_school,poi_station,poi_supermarket,poi_theatre,poi_townhall,poi_tram_stop,poi_university,lu_administration,lu_allotments,lu_animal_keeping,lu_apiary,lu_basin,lu_brownfield,lu_brownland,lu_cemetery,lu_civic_admin,lu_commercial,lu_construction,lu_depot,lu_education,lu_emergency,lu_fairground,lu_farmland,lu_farmyard,lu_flowerbed,lu_forest,lu_garages,lu_garden,lu_grass,lu_greenery,lu_greenfield,lu_greenhouse_horticulture,lu_harbour,lu_hedge,lu_highway,lu_historic,lu_hydro,lu_industrial,lu_institutional,lu_landfill,lu_locality,lu_logistics,lu_meadow,lu_military,lu_nature,lu_orchard,lu_paddock,lu_park,lu_plant_nursery,lu_plantation,lu_proposed,lu_quarry,lu_railway,lu_recreation_ground,lu_religious,lu_reservoir,lu_residential,lu_retail,lu_sand,lu_schoolyard,lu_scrub,lu_shelter,lu_sports,lu_storage,lu_street,lu_traffic_green,lu_traffic_island,lu_village_green,lu_vineyard,lu_wholesale,lu_winter_sports,lu_yes,h_n_lends_00,h_n_lends_01,h_n_lends_02,h_n_lends_03,h_n_lends_04,h_n_lends_05,h_n_lends_06,h_n_lends_07,h_n_lends_08,h_n_lends_09,h_n_lends_10,h_n_lends_11,h_n_lends_12,h_n_lends_13,h_n_lends_14,h_n_lends_15,h_n_lends_16,h_n_lends_17,h_n_lends_18,h_n_lends_19,h_n_lends_20,h_n_lends_21,h_n_lends_22,h_n_lends_23,h_n_returns_00,h_n_returns_01,h_n_returns_02,h_n_returns_03,h_n_returns_04,h_n_returns_05,h_n_returns_06,h_n_returns_07,h_n_returns_08,h_n_returns_09,h_n_returns_10,h_n_returns_11,h_n_returns_12,h_n_returns_13,h_n_returns_14,h_n_returns_15,h_n_returns_16,h_n_returns_17,h_n_returns_18,h_n_returns_19,h_n_returns_20,h_n_returns_21,h_n_returns_22,h_n_returns_23,w_n_lends_Mo,w_n_lends_Di,w_n_lends_Mi,w_n_lends_Do,w_n_lends_Fr,w_n_lends_Sa,w_n_lends_So,w_n_returns_Mo,w_n_returns_Di,w_n_returns_Mi,w_n_returns_Do,w_n_returns_Fr,w_n_returns_Sa,w_n_returns_So,commuter_ratio,latitude,longitude,population,state_Baden-Württemberg,state_Hessen,state_Niedersachsen,state_Nordrhein-Westfalen,state_Rheinland-Pfalz
Bochum,0.04081632653061224,0.02040816326530612,0.1326530612244898,0.0,0.04081632653061224,0.0,0.061224489795918366,0.0,0.08163265306122448,0.16326530612244897,0.030612244897959183,0.030612244897959183,0.01020408163265306,0.16326530612244897,0.01020408163265306,0.02040816326530612,0.05102040816326531,0.0,0.0,0.1326530612244898,0.01020408163265306,0.0,0.023848035449345342,2.9087100601102357e-05,0.0,0.001102011257155852,0.003101868315622879,0.0,0.019809385538621865,0.0001782995027911299,0.03242673937453814,0.008761557273486783,0.0002625414971936381,0.0041654552916899935,0.0,0.0,0.13327874008969373,0.008420848340827958,9.577729703632942e-06,0.17199699996971568,0.00011558804568717528,3.563999303690203e-06,0.04076095958333824,0.0,0.0002834443945837839,4.343987048896569e-05,0.0,0.0,0.0,0.0,0.0,0.0811511692313531,0.0,0.00705015743407025,0.0,0.0,0.06194758892115361,0.0,0.0,0.00040637610369268233,5.9177872068953765e-05,0.0,0.0004068710267922639,0.0,0.0,0.000387239998820037,0.015008902436166056,0.003439497112343526,0.001628518192304494,7.6284515739963304e-06,0.3645083412224029,0.01482578365425442,0.0,0.0,0.0,0.0,0.0,0.0,0.0,0.0,1.5428329026059993e-06,0.0005485296306132599,2.4533255098249162e-05,0.0,0.0,0.0,0.03907931450349545,0.0372841526765399,0.03862949555930617,0.03936299484837992,0.038892983991918054,0.047049938767755206,0.04532444419004384,0.04675564393551615,0.04676924581721669,0.04809484256303255,0.047544143276124835,0.0432136070751891,0.043165144185500375,0.041399483511713554,0.04131196528373508,0.04098492134603351,0.041172767693578034,0.03977590583194105,0.039635279973750596,0.038729773132373205,0.03826085941053188,0.03876724153611315,0.038698939854267735,0.04009691103594376,0.042021078292996,0.042887232032061136,0.03867627406976923,0.03598495795834707,0.034061422285451434,0.03449404021728464,0.043424898593968954,0.04353312844937582,0.048559998033221745,0.04558476249310329,0.044994526235126425,0.04806258683401973,0.04163074157512159,0.04171347527329737,0.03951481820570684,0.040516890704775405,0.04158140137101641,0.04216793204801249,0.04215955396428713,0.04176715450258159,0.042060572840651726,0.041834853455683385,0.04135416362366731,0.041413536940473304,0.14304312393557952,0.14223568100600192,0.14132899336886628,0.1409018000302884,0.14662492903983015,0.15197373543020493,0.13389173718922873,0.14246633856553928,0.1434776610616982,0.1425992043298468,0.14158723946879234,0.1470340879569641,0.1491225518702451,0.133712916746914,0.99372381435637,51.468,7.246,358676,False,False,False,True,False
Braunschweig,0.028037383177570093,0.009345794392523364,0.08411214953271028,0.0,0.1308411214953271,0.0,0.07476635514018691,0.0,0.09345794392523364,0.018691588785046728,0.018691588785046728,0.037383177570093455,0.0,0.1588785046728972,0.0,0.0,0.028037383177570093,0.009345794392523364,0.0,0.2897196261682243,0.018691588785046728,0.0,0.02366403978341347,5.186663263979007e-05,0.0,9.885802830328545e-05,0.0005089441639260099,0.0,0.006399289280668107,0.00017282837764047662,0.06991330471592505,0.0023829452440542968,0.0,0.00040650001473423826,5.4056053813813235e-06,1.9102699743352082e-05,0.35419019228816057,0.0014110177739683441,2.9745929053969848e-05,0.15564393170901672,0.0006455999063939401,0.0,0.019182987327749153,1.3589510735316175e-06,0.003023754847914037,0.0004252233406362294,0.0,0.0,0.0,0.0,0.0,0.03382843513354419,0.0,0.0017886004423170575,0.0,0.0,0.059082321215042526,0.0,0.00032351151507852753,0.0005541896849464264,0.0,3.5766837282533544e-05,0.00331504601052554,0.0,0.0016157380908997426,0.0010002974611779717,0.012345213608885602,0.01922429944038451,2.650143336591311e-05,1.4574750263626597e-05,0.22407472083761726,0.003825915355139053,3.008377939030618e-05,0.0,0.0,0.0,0.0,0.0,3.16560102851004e-05,0.0,0.0,0.0003149255866986729,0.0,0.00039130618675933614,0.0,0.0,0.041389890172372504,0.04083166947444917,0.03725590726956265,0.04058503955724526,0.04208353746140955,0.04491625051732219,0.041989271713581064,0.04271310981192128,0.04574082580350942,0.04745177509345603,0.04878206679869155,0.04493243961192248,0.043462763129297075,0.04193801983705381,0.04051961828215654,0.04105135769742045,0.039296944005594615,0.03955514566393759,0.03899607142759332,0.03835629294223343,0.03839290963742142,0.040527197821608386,0.03955678248001007,0.03967511379023025,0.04309414336700195,0.04227275186987173,0.04299943609796548,0.03683670090753107,0.035860110034248834,0.03240271796128691,0.036687854636267885,0.04236857973391943,0.04441564261760819,0.04521124761512791,0.04593957250687228,0.04676950523507334,0.04378739170177606,0.04135014168643771,0.04099964971057494,0.04081754733473278,0.04136317350800843,0.041166207980274365,0.04170767545501026,0.041834868321521564,0.04230476813883792,0.04246885966491213,0.04337107827128808,0.04397037564385071,0.14336499352450013,0.14395377407500173,0.14475747869866049,0.14456799803679543,0.14355965765153522,0.14154060480628416,0.13825549320722283,0.1435041445528893,0.14352432381283065,0.14482786710897583,0.14367865591368273,0.14405968797565785,0.1410189208581762,0.1393863997777874,1.0291004184796466,52.264,10.526,252962,False,False,True,False,False
Dortmund,0.05,0.0,0.0625,0.0,0.0875,0.0125,0.0625,0.0125,0.1375,0.025,0.0,0.0375,0.0,0.225,0.0,0.0375,0.0375,0.0,0.0,0.2,0.0125,0.0,0.022162399181787605,6.855338958025361e-06,0.0,2.6598774549288787e-05,0.010109568509880377,0.0,0.014920148575284616,4.450847749745901e-05,0.03080445595666253,0.00566348252579148,0.0,0.0009376416957507801,0.0,0.0,0.2054495226009954,0.007184240808419581,1.10484247751065e-05,0.19012421265422402,0.0006439816625904202,0.0,0.029031218673146283,0.0,0.000470659034929762,5.987471160545218e-05,0.0,0.0,0.0,0.0,0.0,0.05281744230573014,0.0,0.0036375004615141287,0.0,0.00026170705625399096,0.042605781658947905,4.680101450226541e-06,0.0,0.0002883177092333564,3.413860804048497e-05,0.0,1.0984578213444147e-05,0.0,0.0,0.0005020982697353129,0.014934136911503712,0.0017204525098628313,0.0,0.0,0.35961829609283663,0.005566664411843679,0.0,2.4742769849801737e-05,0.0,0.0,0.0,0.0,0.0,8.017940301784049e-07,0.0,0.0003181741432311849,3.6630108749076388e-06,0.0,0.0,0.0,0.03963218732919833,0.03557921484396596,0.03705059458030038,0.043930727487242596,0.047700104819887956,0.048570469236715826,0.046863661905714525,0.04581040670925632,0.04437291158482967,0.044077955196122336,0.04107814977766357,0.04072427467649025,0.03911356608412713,0.04081144588689932,0.04118896836436875,0.04068172685058208,0.039694869455208594,0.03965511899226295,0.03996180337438761,0.04054394308916113,0.04314290653163066,0.04337689630637015,0.0373466134267826,0.0390914834908313,0.04272722489925609,0.043227120292856726,0.039746599510115214,0.031561228980284045,0.04054182064078172,0.04480438691458781,0.04397297742693167,0.0443831045372956,0.04539559486080703,0.04287386671379868,0.04086114800243176,0.0388246507931006,0.03932000623264544,0.03941418057062494,0.03893544542236669,0.03993529072973958,0.04069249622674418,0.04138330170208003,0.041624686198297775,0.04178597494534544,0.0422758249326304,0.04735129861686399,0.04551742394525956,0.04284434690515515,0.1454315807123372,0.14338940184879972,0.14198314508300738,0.14239110010695955,0.14671747914711852,0.14243013458714607,0.13765715851463162,0.14466761014414228,0.14322450877478926,0.14263333275172096,0.14244990022872084,0.14678319741032364,0.14136880202303684,0.1388726486672662,1.0266778780116672,51.508,7.46,603462,False,False,False,True,False
Duisburg,0.03333333333333333,0.0,0.03333333333333333,0.03333333333333333,0.0,0.0,0.06666666666666667,0.0,0.16666666666666666,0.0,0.0,0.13333333333333333,0.0,0.13333333333333333,0.0,0.0,0.03333333333333333,0.0,0.1,0.26666666666666666,0.0,0.0,0.015368873065238936,0.0,0.0,0.0007737038979639205,0.005999009576372986,0.0,0.014762975366148524,0.0001339975608889177,0.027459600377781848,0.00803574750474,0.0,0.0003073601103456303,0.0,0.0,0.10896390030387375,0.003911121240999709,2.8856997736115227e-06,0.1837109463867089,8.067093188777689e-05,0.0,0.02132779163303739,0.0,6.327218408076628e-05,7.817856953553663e-05,0.0001828081616456232,0.0,0.0,0.0,0.0,0.12703951380612696,0.0,0.0058134443767270975,0.0,0.0,0.07472396599872225,1.178174238780246e-06,0.0,0.00032173898252968317,6.125403226457172e-05,0.0,0.0012707022720944991,0.0,0.0,4.760485613792257e-07,0.016909028013200742,0.041812376278149495,6.522049093428743e-05,0.0,0.3366225176535073,0.00326169910201177,0.0,0.0,0.0,0.0,0.0,0.0,0.0,0.0,0.0,0.0008194211020843277,0.0,0.0,0.0,0.00011462109782304978,0.03832783745671265,0.03628123233666468,0.03756722000509871,0.04141985006396391,0.03994709681170622,0.04434540762829016,0.04398638095402095,0.042437163230728825,0.04213989792794854,0.043756641439238575,0.04358769389236437,0.043159737655482526,0.042682573484400084,0.04327340773202395,0.04345933465572793,0.043833753260089446,0.04277426401509155,0.04281960609060588,0.04283822461954035,0.042301673017977076,0.04127885595770378,0.04002331950905526,0.039637957049372105,0.03812087120619233,0.042472013013968274,0.04348306087103089,0.036849529320550786,0.03386823471330295,0.03640119602024093,0.039209689814289926,0.041227130741222966,0.04170773518431665,0.04313207552640684,0.04047693413101492,0.04135676210808934,0.04237323570954995,0.04167050951492633,0.04099695392750941,0.041571337759147106,0.042652034428948646,0.04367330394505598,0.04348913984761407,0.04340383402453997,0.04436612295714768,0.04421806421497701,0.04404429994847877,0.04362406847167977,0.04373273380599079,0.14349809471714065,0.14298347529333436,0.14279199670297135,0.14161049178026042,0.14461567594821226,0.14441039980013456,0.14008986575794646,0.14371494532553525,0.14303450051368632,0.14309363382931192,0.14168009612800547,0.14451308611491026,0.14419477088094887,0.1397689672076018,1.0048118424612678,51.43,6.767,502270,False,False,False,True,False
Essen,0.034782608695652174,0.02608695652173913,0.08695652173913043,0.008695652173913044,0.11304347826086956,0.0,0.05217391304347826,0.0,0.16521739130434782,0.0,0.017391304347826087,0.0782608695652174,0.0,0.16521739130434782,0.0,0.05217391304347826,0.008695652173913044,0.0,0.0,0.19130434782608696,0.0,0.0,0.02077926420670693,1.0958689868556938e-05,0.0,0.001126312198433892,0.0038505699471661197,0.0,0.015266499960785504,0.0,0.04379219889707355,0.0034725023658641915,0.0,0.0004381941875224443,0.0,0.0,0.10078931227131856,0.010485340160621184,1.7670706933965904e-05,0.22330302521636405,0.00010558206785251143,0.0,0.05263493034893507,0.0,0.00043978962260870987,0.0002024343625011016,0.0,0.0,2.9636470080957428e-05,0.0,0.0,0.035788577865837445,0.0,7.708081119831986e-05,2.9993818663627756e-05,0.00012383211264020046,0.05113032677513738,0.0,0.0,0.0009975367637334183,0.0,0.0,0.002580778683208445,0.0,0.0,9.821671650969508e-06,0.009996909620580412,0.010287482747643578,0.0001483880965584458,1.0812501812009984e-05,0.4028278206166135,0.008766756977436821,0.0,0.0,0.0,0.0,0.0,0.0,0.0,0.0,0.0,0.00047965925664795415,0.0,0.0,0.0,0.0,0.037701101510018264,0.03637122047421739,0.037956149273912526,0.0381245039412119,0.04912267600373415,0.050855079469694586,0.04806549044557642,0.047465719107938946,0.049033804854868676,0.04984184159339515,0.0471759919431438,0.04535424909374939,0.04034007753843211,0.03834282861552624,0.03987183148201628,0.038785229641430795,0.03761491693684577,0.037053236278156265,0.03757249967871884,0.03888837544231475,0.03816623099034788,0.03804484203892728,0.04008246356696717,0.0381696400788555,0.04182391832290384,0.04089962585934527,0.039761997137984825,0.03585890495317074,0.040750911603545305,0.04626073429786567,0.04530681270813349,0.047562912150685754,0.04690095453326461,0.04759767183171545,0.04625685930934463,0.04579304579275867,0.04201939266963565,0.03875905199972554,0.03661450425777215,0.03735463608380032,0.038707431578885704,0.039353056050327,0.03940517262729198,0.038923832655078136,0.04066548234054187,0.04058705935651081,0.040243757401292594,0.04259227447842001,0.14716026743361255,0.14686293759657332,0.14417688024874076,0.14298383831648873,0.1484770781212819,0.13704805261979905,0.1332909456635035,0.1475666334546908,0.14706345251086037,0.14473804010009364,0.14384319588808306,0.14790213531045987,0.13570806413922556,0.13317847859658685,1.0780911092659287,51.447,7.007,574682,False,False,False,True,False
Freiburg,0.023809523809523808,0.015873015873015872,0.1111111111111111,0.007936507936507936,0.031746031746031744,0.007936507936507936,0.05555555555555555,0.0,0.0873015873015873,0.007936507936507936,0.015873015873015872,0.047619047619047616,0.007936507936507936,0.1746031746031746,0.0,0.0,0.07936507936507936,0.0,0.0,0.3253968253968254,0.0,0.0,0.009435045542434697,0.0,0.0,0.00015268911980988783,0.000575259244587273,0.0,0.002880261043806061,0.0,0.017986180205871147,0.005465742491097678,0.00018224154073132403,0.0024388169211447056,0.0,0.0,0.10336311941275297,0.003211780507855114,8.925682104216502e-06,0.5010258164113147,2.0242344598755354e-05,0.0,0.03424343499702173,0.0,0.00024829932453836943,0.0006454462442756841,0.0,2.441749438044059e-07,7.332259277865175e-05,0.0,0.0,0.024652828257220316,0.0,0.0013294600418039594,0.0,0.0,0.07776112029204871,2.9296158109126644e-05,0.0,0.006322656324576482,0.0,0.0,0.00038524762198082667,0.0,0.0,8.536452738350073e-06,0.0052242292959381095,0.01497622116815203,0.00020808540359537448,0.0,0.1305656321034737,0.002316504614888306,0.0,0.0,0.0,0.0,0.0,0.0,0.0,0.0,0.0,0.0002283325833415319,0.054034981880466425,0.0,0.0,0.0,0.03784047094409394,0.036968578643395505,0.03644791258603964,0.03728320021516298,0.03933284639735723,0.0463606578992035,0.04414258062050288,0.04316098086534068,0.041985580047274325,0.04385124420472986,0.0457972453086605,0.04561815660157663,0.043536136129638504,0.04321858107671698,0.044067626743654664,0.04464103155950091,0.043610058288525384,0.041630164034508185,0.04154287406225896,0.040304653844426046,0.04176207375009289,0.040114042889851174,0.038744424703830445,0.038038878583658384,0.041247037631258164,0.04226193592974525,0.03839852103604416,0.034905391528169946,0.03376495866842452,0.03600471189962733,0.03974794232741742,0.04153115378979273,0.043076860354854106,0.04169293704606672,0.04301650361119409,0.04516217124165509,0.04376289369162551,0.04212606560714799,0.041762478490055294,0.04304864921024235,0.04421270934051438,0.044358311353394096,0.043318822236850345,0.04384714142909483,0.04278267562363668,0.044239311785116336,0.04381093009392058,0.041919886074151945,0.14160489521438793,0.1427092384058178,0.1411124356807898,0.14233240189688656,0.14540625756926928,0.1457668766987822,0.14106789453406654,0.1415477268625762,0.14211130622878523,0.1411853188394721,0.1423763581381516,0.14460022245372403,0.14540292394995005,0.14277614352734075,0.9930503731143798,47.997,7.834,237460,True,False,False,False,False
Gießen,0.0,0.05555555555555555,0.2222222222222222,0.0,0.1388888888888889,0.0,0.05555555555555555,0.0,0.1111111111111111,0.027777777777777776,0.027777777777777776,0.0,0.0,0.3055555555555556,0.0,0.027777777777777776,0.027777777777777776,0.0,0.0,0.0,0.0,0.0,0.01447959771999728,0.0,0.0,0.00014158970318136255,0.004356120882480269,0.0,0.005157820937468309,0.001980598771892226,0.007402702025427434,0.0009156918825273044,0.0,0.0,0.0,0.0,0.11415492226044464,0.0018711627401814868,4.075752499075571e-06,0.4925295057016916,1.358891886441504e-05,0.0,0.004292704389179251,0.0,0.00028845065138417955,0.0003872657244308498,0.0,0.0,0.0,0.0,0.0,0.04410356085525443,0.0,0.0008186677403635801,0.0,0.0,0.12192748382380915,0.0,0.0,0.009455718103047857,0.0,0.0,0.0013530205872582376,0.0,0.0,0.0070568908119752905,0.003387250353812705,0.0006814722799671779,3.933124240614149e-05,0.0,0.15848333264173245,0.004501172436595162,0.0,0.0,0.0,0.0,0.0,0.0,0.0,0.0,0.0,0.00021630106212817702,0.0,0.0,0.0,0.0,0.03671020274864703,0.03667715849179677,0.036747618166645464,0.042139510648470685,0.05863586885404131,0.05616870381536955,0.04448763328821965,0.0428317700029976,0.03929069508837178,0.041582827340735436,0.04285126827233243,0.04444900755514175,0.041466804082331755,0.04237176862057858,0.041453192153669396,0.04208653903243535,0.040800322771662845,0.03967012936794381,0.038819871292885236,0.03741846197949936,0.03802492156103141,0.03779960405604867,0.038829949980953724,0.038686170828190425,0.04180652711786973,0.04079800590343032,0.03798379565439614,0.03509829738932925,0.03692282894143808,0.04107999502252451,0.042425318088307476,0.04096430771956968,0.043764293777419576,0.04302335490149177,0.04292082702064776,0.0442248278505488,0.04430031465152366,0.04301869743514165,0.0421294490181228,0.04231834944721691,0.04290150391182884,0.04254560902831688,0.04239654778411161,0.04127082362542889,0.04067434444054447,0.0414649132208864,0.043333291464583173,0.04263377658532157,0.1442364640350133,0.14734689081678357,0.144605232693633,0.14756549320190457,0.14079809416342037,0.14084260760026066,0.13460521748898463,0.14396092739756522,0.1475352240575423,0.144727028380963,0.14738740389356417,0.14036086278417256,0.14045812949571743,0.13557042399047536,1.0513335855900814,50.584,8.678,89179,False,True,False,False,False
Heidelberg,0.03896103896103896,0.012987012987012988,0.12987012987012986,0.0,0.11688311688311688,0.0,0.11688311688311688,0.0,0.14285714285714285,0.0,0.012987012987012988,0.05194805194805195,0.0,0.18181818181818182,0.0,0.025974025974025976,0.03896103896103896,0.0,0.0,0.12987012987012986,0.0,0.0,0.020260448909595188,6.219787555302894e-05,0.0,1.2915057011842886e-05,0.0007833674388136132,0.0,0.0022220391910409806,0.00029673152464332667,0.015105054005872722,0.0020324055620411143,0.0,0.0007070151714783872,0.0,0.0,0.14434184043978238,0.003804315282662346,1.1807800547387974e-05,0.6631445741067447,1.4110365680230598e-06,0.0,0.005144245293399476,8.224075847323168e-06,7.82299805840928e-05,0.00018082840860658697,0.0,0.0,0.0,1.401350825590452e-05,0.0,0.01169554719520425,0.0,0.0008452967551446472,0.0,0.0,0.015879292632443604,0.0,0.0,0.0015556204881858092,0.0,0.0,0.0006319110441339089,0.0,0.0,0.0,0.0033641775360838708,0.0006351249495774559,0.00022387933241442939,0.0,0.10168696223739912,0.0019137508146314748,0.0,0.0,0.0,0.0,0.0,0.0,0.0,0.0,0.0,0.000358808328415948,0.0029979640173171747,0.0,0.0,0.0,0.03972587198216627,0.03857639281656781,0.03792448068527827,0.045388940993656486,0.04475728642285989,0.04589143052856459,0.04508814878177098,0.0416220817798133,0.03997387742719608,0.04150911227792213,0.04256543874923651,0.04432860771760691,0.04206599130615419,0.0430327518109682,0.04334331640953746,0.04293781711803882,0.04196998167245512,0.040768448851394114,0.040053368105100205,0.03956144437152637,0.04031670812392958,0.03978093674875915,0.03911715517437704,0.03970041014512057,0.04177114758717349,0.04267261224375043,0.04194278091488556,0.04233204821022852,0.04414542084845996,0.036748772920596626,0.03692386952133581,0.04180508254111959,0.04257912639600625,0.041976449430655365,0.04256961144282422,0.04291937827150225,0.0435381500431811,0.04158581771370492,0.042599262409696845,0.04289917938666827,0.04247621570635409,0.04223389564562998,0.04181082690363897,0.04097450705976727,0.0403668259825998,0.04149124334376309,0.04055293215174542,0.0410848433247121,0.14260524446333267,0.14529638024307856,0.14366521161738996,0.14477858357064236,0.14429893812486508,0.14263088033455196,0.1367247616461394,0.14280838198635548,0.1460749529605505,0.14386110302333893,0.1446240567662556,0.14404886170458325,0.14167198539722833,0.13691065816168788,1.0305147675876047,49.409,8.677,155756,True,False,False,False,False
Kaiserslautern,0.0,0.018867924528301886,0.24528301886792453,0.0,0.20754716981132076,0.018867924528301886,0.0,0.018867924528301886,0.22641509433962265,0.018867924528301886,0.0,0.07547169811320754,0.0,0.1320754716981132,0.0,0.018867924528301886,0.018867924528301886,0.0,0.0,0.0,0.0,0.0,0.002028670481375221,0.0,0.0,1.0189659729976222e-05,0.0006121407353063956,0.0,0.0024882704661584945,0.0,0.011366185640976086,0.0004865081876736761,0.0,0.00013963426843396275,0.0,0.0,0.025620523645132193,0.0004001813147989316,2.221995084946872e-07,0.7760094326685533,0.0,0.0,0.0021669762804073325,0.0,3.4929447558757034e-05,5.626532802336391e-05,0.0,0.0,0.0,0.0,0.0,0.01480005684525298,0.0,0.0,0.0,0.0,0.016786132783967896,0.07644003798130265,0.0,0.00013010490369731473,0.0,0.0,7.315721831807705e-05,0.0,0.0,2.624318024795763e-05,0.003725598672450914,0.0007329967814479987,2.4728756647508027e-05,0.0,0.06389447723279224,0.0018633761094177196,0.0,0.0,0.0,0.0,0.0,0.0,0.0,0.0,0.0,8.29592108204668e-05,0.0,0.0,0.0,0.0,0.03694528787151576,0.03933704281666754,0.041665101576812476,0.03884542298155291,0.043257946004182576,0.044117953591633355,0.041483562434126084,0.041294140646886586,0.041187326320319524,0.041574490337892483,0.041025551619088024,0.04126851021576416,0.04093315553152541,0.04206653300748075,0.045196864456151585,0.0457417734289419,0.044326189349182046,0.04424585006058355,0.042346810695464976,0.0402607006300608,0.04087230582569368,0.04043014908913545,0.04204565212321474,0.03953167938612384,0.04729073731617343,0.04120615913610164,0.03879964472140086,0.03818410323015047,0.034713230099738375,0.03864922408378254,0.0404375511014584,0.04068439234939757,0.041192604427147485,0.0411956136959104,0.04031359902333443,0.04019183946147962,0.040542394588598,0.04062017482346292,0.042945452645969,0.043921176478287235,0.04448101587231607,0.04467423179110994,0.044235306630090156,0.04397247954066103,0.04244547706955133,0.042174932244037185,0.04167861512233362,0.04545004454750833,0.14968217678960882,0.13708468005414792,0.1471828739211025,0.13904444514519043,0.14768004921385655,0.14047970659367548,0.1388460682824182,0.14985049970040054,0.13724099468000653,0.14777723185357888,0.13833359890861172,0.14772986352699455,0.13977687886797532,0.13929093246243252,1.0319241506411243,49.442,7.76,101228,False,False,False,False,True
Kassel,0.009174311926605505,0.03669724770642202,0.08256880733944955,0.01834862385321101,0.08256880733944955,0.0,0.045871559633027525,0.009174311926605505,0.1926605504587156,0.0,0.01834862385321101,0.045871559633027525,0.0,0.12844036697247707,0.01834862385321101,0.01834862385321101,0.01834862385321101,0.0,0.0,0.26605504587155965,0.009174311926605505,8.579498474349311e-05,0.026097340650978063,0.0,0.0,4.14375563922259e-05,0.0010980512704186996,0.0,0.008196770100961433,0.00016693928186065776,0.008814717027117237,0.005195219121263478,0.0,0.0004177422114702139,0.0,0.0,0.05776740820626144,0.0011492229059804043,8.724436696894493e-06,0.3595868543002186,0.00018687884121468924,1.16020936396605e-05,0.03828134718248538,0.0,0.00020571025639149417,0.00040581295145441983,0.0,0.0,0.0,0.0,1.9900862255779092e-05,0.0949633686232107,0.00031200063153664345,1.5844702775327742e-05,0.0,0.0,0.06759431467861145,0.0,0.0,0.0011962574699471297,0.0,0.0,0.0005970575289355793,0.0,0.0,0.0016665855200242705,0.014344050412609567,0.014662133524407879,0.0003139284506132153,7.317269487717961e-06,0.2868078320393962,0.009708264687026312,0.0,0.0,0.0,0.0,0.0,0.0,0.0,0.0,0.0,7.3570219613772e-05,0.0,0.0,0.0,0.0,0.0379189857798609,0.03823481359599092,0.037532907694252084,0.03397041158584429,0.03503262858993887,0.04093814324518497,0.042205760342261575,0.047141207653268166,0.052273266701135405,0.053585403997059675,0.05141443563888926,0.046102240409599926,0.04178569103910127,0.04228784742390551,0.04256318175510732,0.04299707525582767,0.04119253880542659,0.041244840446169787,0.0403304892603699,0.0384261478847337,0.037519138456717054,0.03737747758137509,0.039025088708083765,0.03890027814989639,0.043312694620387615,0.04224656715029811,0.04150846349409003,0.03934855074256144,0.03395958725916523,0.02881426116244174,0.03454236527359653,0.03762996380162256,0.04900952667539161,0.051516143272661734,0.049155966837034624,0.046962216097363306,0.043432623655332264,0.04127043804832111,0.04129563613480979,0.041309351414083505,0.04266972385849539,0.0434369764097162,0.042900342072972796,0.042865821278379394,0.04070232604538331,0.040037507456965216,0.039910283341665506,0.042162663897260914,0.15200358512224235,0.1488033206730745,0.1458834131408325,0.1443971509561604,0.1392303903294017,0.13726950845274571,0.13241263132554262,0.15202533665288295,0.1488114287873938,0.14543857491013742,0.1450486767408941,0.13922676003996678,0.13592759404817584,0.13352162882054897,1.080656813802412,51.314,9.486,197230,False,True,False,False,False
Leverkusen,0.05970149253731343,0.014925373134328358,0.11940298507462686,0.014925373134328358,0.04477611940298507,0.0,0.05970149253731343,0.029850746268656716,0.19402985074626866,0.0,0.0,0.05970149253731343,0.0,0.2537313432835821,0.0,0.04477611940298507,0.1044776119402985,0.0,0.0,0.0,0.0,0.0,0.011039544140220296,0.00010251358815756201,0.0,1.1027337842755642e-06,0.0011260741357556456,7.973222615338065e-05,0.009620569682538037,0.00018334854809521823,0.02173018737647381,0.00485832490500012,0.0,0.0,0.0,8.593192761336309e-06,0.10343873606706663,0.005599555113488611,5.843980884409672e-06,0.22971436212016152,0.0,0.0,0.005219574394661784,0.0,0.0002853692091694866,1.139322186334477e-05,0.0,0.0,0.0,0.0,0.0,0.0775817072503105,0.0,0.00836807753594634,0.0,0.0,0.13443862051377853,0.0,0.0,0.006538235650032525,0.0,0.0,0.00013328849966711415,0.0,0.0,0.0,0.004813956385781181,0.004973039708899828,0.00027597818597436565,0.0,0.3640671116869968,0.005479585808515442,0.0,0.0,0.00019302922947330554,0.0,0.0,0.0,0.0,0.0,0.0,0.00011254490838871391,0.0,0.0,0.0,0.0,0.038219299988386975,0.0375057277790187,0.03963140317613157,0.03870091381746308,0.04002845963764467,0.042168865013411896,0.04325071557520014,0.043887483787710964,0.04627781835195621,0.04675546110825606,0.04542939610601304,0.043616503414484385,0.04312928200128355,0.04143322697584498,0.04052345286765476,0.041875381539763806,0.04066123367259075,0.041420540202417644,0.04240167270130843,0.042600965928523284,0.04067306594491695,0.041039525517889676,0.040288803721895194,0.03848080117023347,0.04209528205914868,0.039537212662899876,0.03553823101250484,0.03403282465485637,0.03298252899141766,0.036206072854669646,0.04246341300188216,0.04872841886476139,0.04893283231282641,0.047515276449622966,0.04365093315327346,0.0422332439979886,0.04329497006401135,0.041243920794146904,0.039443110661572564,0.04000662278295397,0.04182143339922991,0.04235785681245109,0.042539821730917325,0.0434481641572301,0.04303939501407147,0.04374131224228627,0.042841822992712886,0.042305299332564106,0.1424785788722327,0.1404680954597309,0.14022556493319405,0.13968569821731217,0.1424411765911677,0.14569884704792668,0.1490020388784357,0.14274337801248982,0.14144678253680779,0.14150244738474693,0.1404337264015409,0.14192389076988643,0.14273344556229522,0.14921632933223272,0.9578482032976875,51.046,7.009,168581,False,False,False,True,False
Ludwigshafen,0.03225806451612903,0.016129032258064516,0.08064516129032258,0.0,0.03225806451612903,0.016129032258064516,0.016129032258064516,0.0,0.16129032258064516,0.04838709677419355,0.016129032258064516,0.04838709677419355,0.0,0.16129032258064516,0.0,0.04838709677419355,0.0,0.016129032258064516,0.0,0.3064516129032258,0.0,0.0,0.01901858357152912,0.0,0.0,9.856921570340497e-06,0.0011978611257925452,0.0,0.007267380342354275,0.0,0.034208257512340905,0.002702149089562537,0.0,0.0001447090767076232,0.0,0.0,0.4331577576458123,0.005891350709686519,2.58906218948795e-05,0.0020439896431651244,0.00033640901222227844,0.0,0.01952083007610637,0.0,0.00018391696885448363,1.916153993090777e-06,0.0,0.0,0.0,0.0,0.0,0.14779357178351882,0.0,0.003405738292837316,0.0,0.0,0.01699851767454244,0.0,0.0,0.00025429054212426167,0.0,0.0,0.00219143769293346,0.0,0.0,0.0,0.00951257179054097,0.0002250861009707428,0.0005544729723830474,0.0,0.28570811296106513,0.0074630365722899595,0.0,0.0,0.0,0.0,0.0,0.0,0.0,0.0,0.0,0.00018230514520147195,0.0,0.0,0.0,0.0,0.03336738661922023,0.033093766805814585,0.036556102024999794,0.05536334397036568,0.041353533045659314,0.0407899788800583,0.04315024973872544,0.046103015270821224,0.04542536245630985,0.04610846072509754,0.05693168724574221,0.06326509659008835,0.045887956120039236,0.03795860695241537,0.0414458190985448,0.04110649746761792,0.03932790565343169,0.03905050503637108,0.03822616654747416,0.04259425655853165,0.040876092497697074,0.030203627995371973,0.029905196288142116,0.031909386411460544,0.04728913728249662,0.04532777865884308,0.04131033182565633,0.02698639602235207,0.0349182895447585,0.038274495763041975,0.037926178611635934,0.03616572827213336,0.03732821021494022,0.0363618722935863,0.03385492099870413,0.032968816462556186,0.04328608274141954,0.04162806205062607,0.037692188600146545,0.038190741187072434,0.04047377699299544,0.041343329815860905,0.04079212851120689,0.03974425031517878,0.04107174055142829,0.07319451258489945,0.06627081519806764,0.04760021550039327,0.14277945146337018,0.1412250408850617,0.1438780894458256,0.14348932533450084,0.1437385037869194,0.1422815061619675,0.1426080829223547,0.14681609036361992,0.14377264010968485,0.1451982565031505,0.1444317832997109,0.1420953002566183,0.14108960374747084,0.13659632571974467,1.0040362438978017,49.478,8.428,177222,False,False,False,False,True
Mannheim,0.024875621890547265,0.05472636815920398,0.10945273631840796,0.0,0.10945273631840796,0.009950248756218905,0.05970149253731343,0.004975124378109453,0.13432835820895522,0.009950248756218905,0.014925373134328358,0.03482587064676617,0.004975124378109453,0.23383084577114427,0.024875621890547265,0.0,0.024875621890547265,0.009950248756218905,0.009950248756218905,0.11940298507462686,0.004975124378109453,0.0,0.024663928183889988,4.762855021185588e-05,2.2260204946746808e-06,5.16188103539057e-05,0.0038972764242589746,0.0,0.005499709246793818,0.0,0.04677081004879881,0.003960794971831753,0.0,0.00022594404034311665,0.0,0.0,0.27816556942702464,0.0034853886294032455,6.503709612832104e-05,0.20263171213780243,5.05087602402049e-05,0.0,0.018456471705535996,0.0,0.00021042109955312464,0.0008201020638685182,0.0,0.0,2.0128908728441264e-07,0.0,0.0,0.10441944518179729,0.0,0.004155633927922155,0.0,0.0,0.04083080164450579,0.01707986155786517,0.0,0.000992932426371279,0.0,0.0,0.0006318642057875905,0.0,0.0,0.0,0.02168966286937369,0.001833986316119195,0.00019572995631499901,8.220291108659028e-06,0.21177116026220935,0.006962195831394174,0.0,0.0,0.0,0.0,0.0,0.0,0.0,0.0,0.0,0.0004228935717163683,2.6345189365165774e-07,0.0,0.0,0.0,0.03955213473340051,0.03850089960703983,0.036760059369637645,0.03708433378216801,0.04255190171450279,0.04916772505580115,0.04646957189581507,0.04225111330397422,0.0412917702633426,0.04536596896052772,0.045566896305445984,0.04530792426915225,0.04301988178562123,0.043183078265403275,0.043439063371927364,0.0430034718511553,0.04301594158370089,0.041244962280881946,0.040175374156481175,0.03889342749995595,0.03869629965663969,0.038065193953907145,0.038172291213899034,0.03922071511961919,0.041733844439096314,0.04239851729238105,0.04145585920627707,0.037208449634763295,0.03410663588024595,0.03560789198864795,0.042931075328127725,0.04361200517836514,0.04409638224074497,0.043025959874047906,0.043860695247758874,0.04618770965474261,0.04315914298798653,0.04221482366924728,0.04096291381777201,0.04193469411177924,0.042511101506736225,0.042933521314773786,0.04281553137817657,0.04168649551446529,0.04121224647710468,0.041463947635336465,0.041249457032562865,0.041631098588860264,0.14434509614273072,0.1467145883771496,0.14658367112384652,0.14567565189606022,0.1422938573196464,0.13813576372418562,0.13625137141638088,0.1439564502449855,0.14686154341613775,0.14702295526881132,0.14557254302174275,0.14230958387182013,0.1375323285932991,0.1367445955832036,1.0577492781413558,49.487,8.48,318035,True,False,False,False,False
Marburg,0.04054054054054054,0.02702702702702703,0.06756756756756757,0.0,0.0,0.013513513513513514,0.04054054054054054,0.0,0.08108108108108109,0.32432432432432434,0.013513513513513514,0.04054054054054054,0.02702702702702703,0.12162162162162163,0.0,0.0,0.02702702702702703,0.0,0.0,0.0,0.17567567567567569,0.0,0.000985516942720852,0.0,0.0,1.4919891229164492e-05,0.0,0.0,0.0004013718162145996,0.0,0.0004219103446000794,0.00034464595891556493,0.0,0.0,0.0,0.0,0.028485075277077155,0.0007779449309693226,0.0,0.8829062441268538,0.0,0.0,0.002126245138765764,0.0,0.0,7.946039905002188e-05,0.0,0.0,0.0,0.0,0.0,0.0057670690888860605,0.0,0.0,0.0,0.0,0.010440038820279296,0.0005133016424802939,0.0,0.0021685088784462875,0.0,0.0,4.175396744472491e-05,3.040062477239517e-06,0.0,0.0004817468339390506,0.000614816886966905,0.0003402400039813861,0.0,1.628392659234863e-05,0.04126174381636598,0.0011071584407792918,0.0,0.0,0.0,0.0,0.0,0.0,0.0,0.0,0.0,1.1036708187070522e-05,0.0059160126507863675,0.0,0.01477391344599122,0.0,0.039217289820537925,0.037764554907313654,0.03529161095801859,0.034941784791900916,0.03462581011369333,0.04079963158626066,0.04048496060982235,0.040904270199508715,0.041405416224619705,0.04400879199404131,0.04547952261793057,0.04793198298774323,0.045620635737070536,0.04464022435265878,0.04488756595001951,0.046524822214456286,0.04576360408584402,0.045741259058935856,0.044495306026644484,0.04255625713612411,0.04157351712553866,0.03920288145388205,0.037011382183377114,0.03912691786405773,0.04155065965608531,0.041273783954702666,0.03903400443939941,0.0326607547016122,0.03207422418116794,0.03068781263676639,0.03787989996920599,0.03788797505381307,0.042125466907902254,0.04132077223151472,0.04447789085960795,0.04558189394792062,0.04672418741669038,0.044332597209995814,0.04427039464032141,0.04467406411263446,0.04664131344872534,0.04620285425471196,0.045977649846341985,0.0455261619456815,0.04441611881685301,0.04234872789731429,0.04121268107023083,0.04111811080080042,0.1435671154209731,0.14628395261797747,0.14564069435530688,0.1439333823509108,0.14391086946755688,0.14095856167252696,0.1357054241147478,0.14333054741943482,0.14617186933609594,0.14572703145767613,0.14405102937324862,0.1433005853206916,0.14076128346732872,0.1366576536255242,1.0449100048198467,50.808,8.772,73544,False,True,False,False,False
Offenburg,0.05,0.05,0.1,0.0,0.4,0.0,0.0,0.05,0.1,0.0,0.05,0.05,0.0,0.15,0.0,0.0,0.0,0.0,0.0,0.0,0.0,0.0,0.0033249598459827957,0.0,0.0,1.6574012381916873e-05,0.00032741544795361036,0.0,0.0021887187049544504,0.0,0.029304025183165522,0.001025486923650525,0.0,0.0,0.0,0.0,0.14403264906365812,0.001576392280465771,7.129603091662567e-07,0.5258396677079036,5.134240148476485e-06,0.0,0.017471481263560483,0.0,0.00015461053561633962,0.00029992943915153203,0.0,0.0,0.0,0.0,0.0,0.021958635857670238,0.0,0.0013359626198428411,0.0,0.0,0.05788733082678711,0.0010911348274425868,0.0,0.022186260010402557,0.0,0.0,0.0007203399113273672,0.0,0.0,0.0005960070407886075,0.008526912705380486,0.0021107236248991,4.345817157236137e-05,0.0,0.13294835698852306,0.0007071547752201887,0.0,0.0,0.0,0.00027431842337031305,0.0,0.0,0.0,0.0,0.0,7.5323793702175295e-06,0.024038114228500742,0.0,0.0,0.0,0.038168050358839946,0.04007077310738331,0.037950428170883274,0.04481051226190272,0.04572556710305963,0.04922796531458299,0.04687132965792775,0.04440496383895114,0.04358421538098024,0.04448066860189828,0.04387813411674724,0.04232275626833017,0.0422918906212541,0.04281847579768572,0.043120721893383646,0.04242691132097457,0.04001012284180564,0.03852550649009211,0.03723653245416526,0.03809368270764936,0.0377233811744917,0.03818355742155345,0.039092242222648496,0.0389816108728093,0.04164910435827077,0.040424905020306434,0.04190573692187674,0.033458945747748964,0.032130973805958585,0.04205070140337567,0.046624150255405845,0.05003648369636744,0.050098808369536736,0.04271627108437451,0.04013474309879569,0.04240053966900895,0.04222593013839863,0.04105717073780485,0.04024298636599818,0.04254794000768236,0.04287408750840187,0.04168120236051502,0.04108667381568996,0.04059822907312118,0.041489522977506875,0.042575411482654285,0.04003827659162155,0.039951205509578966,0.14376228125651286,0.14720980132220993,0.14787127284632084,0.14530065772797285,0.13923752122353958,0.14167469574181332,0.13494376988163062,0.1440000673692164,0.14773724725610277,0.14914268682977547,0.14641041583704126,0.13972539994419314,0.13738352527657807,0.13560065748709293,1.0441653301276792,48.47,7.945,62993,True,False,False,False,False
Wiesbaden,0.05263157894736842,0.07894736842105263,0.18421052631578946,0.0,0.07894736842105263,0.0,0.02631578947368421,0.0,0.07894736842105263,0.0,0.0,0.0,0.0,0.39473684210526316,0.0,0.05263157894736842,0.02631578947368421,0.02631578947368421,0.0,0.0,0.0,0.0,0.026566892252666535,9.080803707430457e-06,1.059085458729662e-07,3.843455293776999e-07,0.0015323685436053616,0.0,0.0045247718021872016,0.00012516852740067095,0.02234168960529043,0.0038500984927269987,0.0,0.0006472361632696938,0.0,0.0,0.150781561167742,0.004263160611857447,5.262971448945304e-06,0.5041978987409691,1.8621113847761364e-05,0.0,0.010714610431351535,5.500411575983082e-07,0.00011246975111003173,0.0010099729328846032,0.0,0.0,0.0,0.0,0.0,0.01739517801602061,0.0,0.0032366010341272557,0.0,0.0,0.04820110935512085,0.023145653334428584,0.0,0.01730532315585916,0.0,0.0,0.0014864674381835476,0.0,0.0,0.0009213103979654024,0.005332035778270947,0.001032929464303745,6.470499692132398e-05,0.0,0.13911144554372695,0.0034071308750062593,0.0,0.0,0.0,0.0,4.581398710182183e-05,3.260445830769848e-05,0.0,0.0,0.0,1.3604123537617789e-05,0.008566183833819596,0.0,0.0,0.0,0.03948505549956846,0.037468599777026,0.04186684620350071,0.06536098502720271,0.07717268681990065,0.06395800258941643,0.05021660017830573,0.04562769221541415,0.04126490658839899,0.0390107405272093,0.037071961571498446,0.03745952418608476,0.03471699510438221,0.03625358646396203,0.03466192162749095,0.03578640664639922,0.034216870529722596,0.03379144418784617,0.03328997648390499,0.03515720505753404,0.0349734117681413,0.03654945443737732,0.03689570502710458,0.03774342148260817,0.045141174155390526,0.04355706775678753,0.040246141729403044,0.029577318017010527,0.061138962182701796,0.05584877232443268,0.048379072614863676,0.04756528204588573,0.05211358624780952,0.04664252720241149,0.04126522407472381,0.03732907077056979,0.03622860441093933,0.03458916689313641,0.03471783974902929,0.03431845963839698,0.03513369631470064,0.036261072431974926,0.03711387480578604,0.03779146296459403,0.03949153024155215,0.03892163978525029,0.043006019791281255,0.043622433851368894,0.15171348615350194,0.15093864640357801,0.14249011125760255,0.14344079652115455,0.14652424265025574,0.13248723126581574,0.13240548574809125,0.15236644245564504,0.15295018085115022,0.14303327026482096,0.14368882109568762,0.14783424703244633,0.12841723620059584,0.13170980209965386,1.1085486262523032,50.078,8.239,288850,False,True,False,False,False
Winsen (Luhe),0.1111111111111111,0.0,0.0,0.0,0.1111111111111111,0.0,0.0,0.0,0.1111111111111111,0.1111111111111111,0.1111111111111111,0.0,0.0,0.4444444444444444,0.0,0.0,0.0,0.0,0.0,0.0,0.0,0.0,0.0011952209530573228,0.0,0.0,0.00025198293841498546,3.2954881885514454e-05,0.0,0.000887649184582533,0.0,0.009383723879593518,0.0015369666835096279,0.0,0.0,0.0,0.0,0.4815383473299055,0.005579705138378896,0.0,0.19594934882928544,1.5337799653743976e-06,0.0,0.007207531480474786,0.0,0.0,0.0004794590061083215,0.0,0.0,0.0,0.0,0.0,0.010195670940267522,0.0,0.00036778638113932897,0.0,0.0,0.17105433400556178,0.0,0.0,0.008199166058167982,0.0,0.0,0.0002872354349099851,0.0,0.0,0.0013285406518404143,0.0029366570047796707,0.0,0.0,0.0,0.09970943149623697,0.001876753941934433,0.0,0.0,0.0,0.0,0.0,0.0,0.0,0.0,0.0,0.0,0.0,0.0,0.0,0.0,0.04080362475810781,0.04301271710499563,0.04237602158360775,0.04205989399327123,0.0435655097841184,0.04488348546775088,0.04302601036999288,0.040465526541598865,0.03934303263832826,0.0416408739523835,0.04146607217050793,0.043436436362075746,0.045064489215892685,0.04238262701069323,0.04199190309401384,0.04182062089867228,0.040411408751143185,0.03976022412501148,0.04108820411001297,0.040290626943222045,0.04016606812126238,0.03995880161004456,0.04085539308402804,0.040130428309264804,0.04427894761734398,0.04182904951317494,0.03862634460624344,0.03485952538805309,0.0360818242459639,0.04237433213688767,0.043857031117129595,0.04293611305536913,0.041766249500688454,0.040084312140014164,0.04033753384831119,0.041492791170783236,0.0417354359884365,0.04339637766698871,0.04208981768626231,0.0423415394538869,0.04301640138271369,0.042910663692994774,0.04224623677347151,0.04274364239220751,0.04175798800202058,0.04119406080073461,0.04386205966782898,0.04418172215249126,0.14286145512302229,0.14189995872608357,0.1415431559998076,0.14287508410915353,0.14222912554486397,0.14224447373854807,0.14634674675852094,0.14312144107611396,0.14200894968463715,0.14185063093597586,0.14290486140161596,0.1418209065956858,0.14180637460954662,0.1464868356964247,0.9877082190972626,53.361,10.206,36961,False,False,True,False,False
